<?xml version="1.0" encoding="UTF-8"?>
<jcr:root xmlns:jcr="http://www.jcp.org/jcr/1.0" xmlns:nt="http://www.jcp.org/jcr/nt/1.0" xmlns:cq="http://www.day.com/jcr/cq/1.0" xmlns:sling="http://sling.apache.org/jcr/sling/1.0" jcr:primaryType="cq:Page">
  <jcr:content cq:template="/libs/core/franklin/templates/page" sling:resourceType="core/franklin/components/page/v1/page" jcr:primaryType="cq:PageContent">
    <root jcr:primaryType="nt:unstructured" sling:resourceType="core/franklin/components/root/v1/root">
      <section sling:resourceType="core/franklin/components/section/v1/section" jcr:primaryType="nt:unstructured" model="section" modelFields="[name,style]">
        <block sling:resourceType="core/franklin/components/block/v1/block" jcr:primaryType="nt:unstructured" model="hero-banner" modelFields="[image,imageAlt,text]" name="Hero Banner" text="&lt;p&gt;&lt;a href&#x3D;&quot;/business&quot;&gt;Business&lt;/a&gt; · &lt;a href&#x3D;&quot;/financial-institutions&quot;&gt;Financial Institutions&lt;/a&gt; · &lt;a href&#x3D;&quot;/for-all&quot;&gt;For All&lt;/a&gt;&lt;/p&gt;&lt;p&gt;Empower Your Business Growth&lt;/p&gt;&lt;p&gt;&lt;h1&gt;Comprehensive financial solutions tailored for businesses of all sizes&lt;/h1&gt;&lt;/p&gt;&lt;p&gt;&lt;strong&gt;&lt;a href&#x3D;&quot;/contact&quot;&gt;Get in Touch&lt;/a&gt;&lt;/strong&gt;&lt;/p&gt;&lt;p&gt;&lt;em&gt;&lt;a href&#x3D;&quot;/solutions&quot;&gt;Learn More&lt;/a&gt;&lt;/em&gt;&lt;/p&gt;"></block>
      </section>
      <section_1 sling:resourceType="core/franklin/components/section/v1/section" jcr:primaryType="nt:unstructured" style="[two-column]" model="section" modelFields="[name,style]">
        <text sling:resourceType="core/franklin/components/text/v1/text" jcr:primaryType="nt:unstructured" text="&lt;p&gt;Our Business Solutions&lt;/p&gt;"/>
        <title sling:resourceType="core/franklin/components/title/v1/title" jcr:primaryType="nt:unstructured" title="Comprehensive financial services to help your business thrive" titleType="h2"/>
        <block sling:resourceType="core/franklin/components/block/v1/block" jcr:primaryType="nt:unstructured" filter="accordion" name="Accordion">
          <item_0 jcr:primaryType="nt:unstructured" sling:resourceType="core/franklin/components/block/v1/block/item" name="Accordion Item" model="accordion-item" summary="Business Solution One" text="&lt;p&gt;Tailored financial products designed to help your business grow. From working capital to expansion funding, we provide comprehensive solutions for businesses at every stage.&lt;/p&gt;" modelFields="[summary,text]"></item_0>
          <item_1 jcr:primaryType="nt:unstructured" sling:resourceType="core/franklin/components/block/v1/block/item" name="Accordion Item" model="accordion-item" summary="Business Solution Two" text="&lt;p&gt;Strategic advisory services that help you navigate complex financial landscapes. Our experts work alongside your team to develop customized strategies.&lt;/p&gt;" modelFields="[summary,text]"></item_1>
          <item_2 jcr:primaryType="nt:unstructured" sling:resourceType="core/franklin/components/block/v1/block/item" name="Accordion Item" model="accordion-item" summary="Business Solution Three" text="&lt;p&gt;Risk management and insurance solutions that protect your business assets. We help you identify and mitigate potential risks before they impact your operations.&lt;/p&gt;" modelFields="[summary,text]"></item_2>
          <item_3 jcr:primaryType="nt:unstructured" sling:resourceType="core/franklin/components/block/v1/block/item" name="Accordion Item" model="accordion-item" summary="Business Solution Four" text="&lt;p&gt;Digital banking solutions that streamline your operations. From online payments to automated reconciliation, we make managing finances effortless.&lt;/p&gt;" modelFields="[summary,text]"></item_3>
        </block>
        <image sling:resourceType="core/franklin/components/image/v1/image" jcr:primaryType="nt:unstructured" image="https://images.unsplash.com/photo-1454165804606-c3d57bc86b40?w&#x3D;600&amp;h&#x3D;500&amp;fit&#x3D;crop" imageAlt="Business solutions"/>
      </section_1>
      <section_2 sling:resourceType="core/franklin/components/section/v1/section" jcr:primaryType="nt:unstructured" model="section" modelFields="[name,style]">
        <text sling:resourceType="core/franklin/components/text/v1/text" jcr:primaryType="nt:unstructured" text="&lt;p&gt;Trust SMBC as your partner&lt;/p&gt;"/>
        <title sling:resourceType="core/franklin/components/title/v1/title" jcr:primaryType="nt:unstructured" title="Customer record speaks for itself. Join thousands of businesses who trust SMBC." titleType="h2"/>
        <button sling:resourceType="core/franklin/components/button/v1/button" jcr:primaryType="nt:unstructured" link="/about" linkText="Learn More" linkType="primary"/>
        <block sling:resourceType="core/franklin/components/block/v1/block" jcr:primaryType="nt:unstructured" filter="stats" name="Stats">
          <item_0 jcr:primaryType="nt:unstructured" sling:resourceType="core/franklin/components/block/v1/block/item" name="Stats Item" model="stats-item" value="1,250+" label="Total banking partners that rely on our global network" modelFields="[value,label]"></item_0>
          <item_1 jcr:primaryType="nt:unstructured" sling:resourceType="core/franklin/components/block/v1/block/item" name="Stats Item" model="stats-item" value="85M" label="Total customers from around the world" modelFields="[value,label]"></item_1>
          <item_2 jcr:primaryType="nt:unstructured" sling:resourceType="core/franklin/components/block/v1/block/item" name="Stats Item" model="stats-item" value="99.9%" label="Client satisfaction rate with our premium business solutions" modelFields="[value,label]"></item_2>
          <item_3 jcr:primaryType="nt:unstructured" sling:resourceType="core/franklin/components/block/v1/block/item" name="Stats Item" model="stats-item" value="25+" label="Years of experience in global corporate financial services" modelFields="[value,label]"></item_3>
        </block>
      </section_2>
      <section_3 sling:resourceType="core/franklin/components/section/v1/section" jcr:primaryType="nt:unstructured" model="section" modelFields="[name,style]">
        <text sling:resourceType="core/franklin/components/text/v1/text" jcr:primaryType="nt:unstructured" text="&lt;p&gt;News &amp;#x26; Outcomes&lt;/p&gt;"/>
        <title sling:resourceType="core/franklin/components/title/v1/title" jcr:primaryType="nt:unstructured" title="Stay connected with our latest articles, events, announcements and community initiatives" titleType="h2"/>
        <block sling:resourceType="core/franklin/components/block/v1/block" jcr:primaryType="nt:unstructured" filter="cards-news" name="Cards News">
          <item_0 jcr:primaryType="nt:unstructured" sling:resourceType="core/franklin/components/block/v1/block/item" name="Card" model="card" modelFields="[image,text]" image="![Business news](https://images.unsplash.com/photo-1551836022-deb4988cc6c0?w=600&amp;h=400&amp;fit=crop)" text="&lt;p&gt;Press Release&lt;/p&gt;&lt;p&gt;&lt;h3&gt;Expansion into New Markets Continues to Grow&lt;/h3&gt;&lt;/p&gt;&lt;p&gt;November 15, 2024&lt;/p&gt;"></item_0>
          <item_1 jcr:primaryType="nt:unstructured" sling:resourceType="core/franklin/components/block/v1/block/item" name="Card" model="card" modelFields="[image,text]" image="![Leadership](https://images.unsplash.com/photo-1573497019940-1c28c88b4f3e?w=600&amp;h=400&amp;fit=crop)" text="&lt;p&gt;Company News&lt;/p&gt;&lt;p&gt;&lt;h3&gt;Leadership Perspectives on Future Markets and Growth&lt;/h3&gt;&lt;/p&gt;&lt;p&gt;November 12, 2024&lt;/p&gt;"></item_1>
          <item_2 jcr:primaryType="nt:unstructured" sling:resourceType="core/franklin/components/block/v1/block/item" name="Card" model="card" modelFields="[image,text]" image="![Expansion](https://images.unsplash.com/photo-1600880292203-757bb62b4baf?w=600&amp;h=400&amp;fit=crop)" text="&lt;p&gt;Press Release&lt;/p&gt;&lt;p&gt;&lt;h3&gt;Expansion into New Markets: Building Global Connections&lt;/h3&gt;&lt;/p&gt;&lt;p&gt;November 8, 2024&lt;/p&gt;"></item_2>
          <item_3 jcr:primaryType="nt:unstructured" sling:resourceType="core/franklin/components/block/v1/block/item" name="Card" model="card" modelFields="[image,text]" image="![Technology](https://images.unsplash.com/photo-1559136555-9303baea8ebd?w=600&amp;h=400&amp;fit=crop)" text="&lt;p&gt;Spotlight&lt;/p&gt;&lt;p&gt;&lt;h3&gt;A Spotlight on Our Innovative Technology Solutions&lt;/h3&gt;&lt;/p&gt;&lt;p&gt;November 5, 2024&lt;/p&gt;"></item_3>
          <item_4 jcr:primaryType="nt:unstructured" sling:resourceType="core/franklin/components/block/v1/block/item" name="Card" model="card" modelFields="[image,text]" image="![Partnership](https://images.unsplash.com/photo-1553877522-43269d4ea984?w=600&amp;h=400&amp;fit=crop)" text="&lt;p&gt;Events&lt;/p&gt;&lt;p&gt;&lt;h3&gt;Expansion Into New Markets: Partnership Announcement&lt;/h3&gt;&lt;/p&gt;&lt;p&gt;November 1, 2024&lt;/p&gt;"></item_4>
          <item_5 jcr:primaryType="nt:unstructured" sling:resourceType="core/franklin/components/block/v1/block/item" name="Card" model="card" modelFields="[image,text]" image="![Career](https://images.unsplash.com/photo-1556761175-5973dc0f32e7?w=600&amp;h=400&amp;fit=crop)" text="&lt;p&gt;Press Release&lt;/p&gt;&lt;p&gt;&lt;h3&gt;Updates on How We Advance Our Careers and Culture&lt;/h3&gt;&lt;/p&gt;&lt;p&gt;October 28, 2024&lt;/p&gt;"></item_5>
        </block>
      </section_3>
      <section_4 sling:resourceType="core/franklin/components/section/v1/section" jcr:primaryType="nt:unstructured" model="section" modelFields="[name,style]">
        <text sling:resourceType="core/franklin/components/text/v1/text" jcr:primaryType="nt:unstructured" text="&lt;p&gt;Follow SMBC&lt;/p&gt;"/>
        <title sling:resourceType="core/franklin/components/title/v1/title" jcr:primaryType="nt:unstructured" title="Join the conversation and stay connected with us on social media" titleType="h2"/>
        <block sling:resourceType="core/franklin/components/block/v1/block" jcr:primaryType="nt:unstructured" filter="social-feed" name="Social Feed">
          <item_0 jcr:primaryType="nt:unstructured" sling:resourceType="core/franklin/components/block/v1/block/item" name="Social Feed Item" model="social-feed-item" modelFields="[image,text]" image="![Social post 1](https://images.unsplash.com/photo-1507003211169-0a1dd7228f2d?w=400&amp;h=400&amp;fit=crop)" text="&lt;p&gt;Choosing the Right Payroll Provider for Your Business&lt;/p&gt;"></item_0>
          <item_1 jcr:primaryType="nt:unstructured" sling:resourceType="core/franklin/components/block/v1/block/item" name="Social Feed Item" model="social-feed-item" modelFields="[image,text]" image="![Social post 2](https://images.unsplash.com/photo-1559136555-9303baea8ebd?w=400&amp;h=400&amp;fit=crop)" text="&lt;p&gt;The Complete Process: Scaling Your Business with Confidence&lt;/p&gt;"></item_1>
          <item_2 jcr:primaryType="nt:unstructured" sling:resourceType="core/franklin/components/block/v1/block/item" name="Social Feed Item" model="social-feed-item" modelFields="[image,text]" image="![Social post 3](https://images.unsplash.com/photo-1573497019940-1c28c88b4f3e?w=400&amp;h=400&amp;fit=crop)" text="&lt;p&gt;Knowledge is Power: Financial Insights for Modern Businesses&lt;/p&gt;"></item_2>
        </block>
      </section_4>
      <section_5 sling:resourceType="core/franklin/components/section/v1/section" jcr:primaryType="nt:unstructured" model="section" modelFields="[name,style]">
        <block sling:resourceType="core/franklin/components/block/v1/block" jcr:primaryType="nt:unstructured" content="&lt;p&gt;Stay Informed&lt;/p&gt;&lt;p&gt;&lt;h2&gt;Insights and updates delivered to your inbox&lt;/h2&gt;&lt;/p&gt;&lt;p&gt;Stay informed with the latest market insights, product updates, and financial strategies delivered directly to your inbox.&lt;/p&gt;" emailLabel="Your Email Address" model="cta-banner" modelFields="[content,emailLabel]" name="Cta Banner"></block>
      </section_5>
    </root>
  </jcr:content>
</jcr:root>